id;username;full_name;sortable_name;avatar_image_url;phone;locale;gender;user_type;user_status
1;coordinated suit;whoa down uh-huh;absent ew;atop seeder;644-352-1100 x9527;ref before ha;meanwhile intensely qua;TEACHER;BLOCKED
2;thrift liquid;superficial after;heavily;save and;1-260-877-7127 x06349;lifestyle pish through;huzzah;TEACHER;PENDING
3;advertising usefully electric;around whose;partially lustrous fussy;wherever;956-538-0256 x3230;pair aha as;oddly hmph;TEACHER;ACTIVE
4;off contention forecast;coaxingly;perky nap;unlike;921.386.6927 x011;aha;against philosophise piercing;STUDENT;ACTIVE
5;incidentally;about;oily sheath phew;yearly yuck quote;614-399-0818 x64748;famously overrule;joyously;TEACHER;BLOCKED
6;astronomy actor;reassuringly times;used;or angrily;(257) 829-5692 x065;firsthand awkwardly;sociology duh;STUDENT;ACTIVE
7;towards criminal zany;hefty;incidentally ew;ironclad;721-821-0336 x45305;sans republican gallop;foolishly limping bravely;STUDENT;BLOCKED
8;but extra-large;certainty orangutan;overhear as;network officially cannulate;869-382-0328 x15247;hence;abnegate;STUDENT;PENDING
9;until solemnize;down irritably fragrant;solidly brandish meanwhile;among seemingly;1-719-618-3337 x830;never beside;why aside though;TEACHER;PENDING
10;but haggle;tragic notify;accidentally consequently neuropathologist;beget while fairly;914-893-1722 x061;although;sans generate unto;TEACHER;BLOCKED
