id;first_name;last_name;middle_name;gender;birthdate;phone_number;email;passport_number;jshshir;is_active;nationality;country;city;region;address_line;position;academic_degree;academic_title
1;Monte;VonRueden;oh rap;MALE;cheerfully before;testy;Christophe13@hotmail.com;delicious amid past;limply dilapidation;true;blissfully lest;North Macedonia;North Miami;generous because;submissive yowza decoy;DOTSENT;PHD;ILMIY_UNVONSIZ
2;Watson;Hintz;deeply detailed indeed;FEMALE;duh courageously brr;smoke;Annamae_Hermann@gmail.com;because flawless fledgling;unnaturally chuckle modulo;false;whoever furiously;American Samoa;Altheabury;high recrudesce percent;following viciously;PROFESSOR;FAN_DOCTORI;PROFESSOR
3;Brian;Nader;anxiously;MALE;over hoick prince;reassuringly pantology;Jackson.Sanford@hotmail.com;an esteem zowie;toffee swiftly;false;finally around;Antarctica;Coleport;absentmindedly scoot blah;failing;ASSISTENT;PHD;DOTSENT
4;Otha;Hilpert;er than;FEMALE;password mortify;ferry;Jonas6@gmail.com;mountainous marathon pace;gracious outlet negative;true;adventurous once enfranchise;Madagascar;Lake Raphaelstead;platypus;daintily worthless for;PROFESSOR;FAN_DOCTORI;PROFESSOR
5;Stevie;Kirlin;colorless quit although;FEMALE;save out;aside;Shirley_Murphy@hotmail.com;whoever;mmm ill-fated;false;merry;South Sudan;Lyricville;spoon gel;killing;KAFEDRA_MUDIRI;FAN_DOCTORI;ILMIY_UNVONSIZ
6;Green;Johnson;frilly legume correlate;FEMALE;beggar before;concerning;Scot_Schneider@hotmail.com;warlike supposing;needily inverse confused;true;ha personal modulo;Gambia;Cristiantown;while old;far strangle sturdy;ASSISTENT;ILMIY_DARAJASIZ;DOTSENT
7;Rae;Steuber;around;MALE;eek promptly;besides;Rashawn6@hotmail.com;decimalize experienced belated;oh boycott;false;ew elastic;Bermuda;Southaven;afterwards patrolling;chalk;KATTA_OQITUVCHI;PHD;ILMIY_UNVONSIZ
8;Euna;Ebert;emulsify;MALE;huzzah finally worth;advise;Lew.Gibson@gmail.com;than ew;grimace after gossip;true;until idolized sandy;Timor-Leste;East Corrinestead;thick;quizzically consequently like;DOTSENT;ILMIY_DARAJASIZ;DOTSENT
9;Kathlyn;Streich;milkshake;FEMALE;almost yippee;palliate circadian;Korbin_Bayer@yahoo.com;whose;shimmering mineral wherever;false;hence between;Libyan Arab Jamahiriya;Collinsworth;finally original until;ugh impossible;PROFESSOR;FAN_DOCTORI;ILMIY_UNVONSIZ
10;Jovany;Lockman;outstanding phooey;FEMALE;outside grounded highly;up poorly;Yessenia55@gmail.com;insidious;stopsign;false;formalise uh-huh where;Senegal;Johnathontown;vigorous innocently whereas;wrathful hush usually;PROFESSOR;PHD;PROFESSOR
